n_jobs,time
1,22.890203
2,12.877907
3,11.340211
4,11.249965
5,10.951596
6,11.716199
7,10.470433
8,11.072935
9,10.217653
10,10.00318
11,10.032506
12,9.961681
13,10.105882
14,10.058291
15,10.402304
16,9.956097
