n_jobs,time
1,0.901494
2,0.880261
3,0.938263
4,0.933754
5,0.982686
6,1.118851
7,0.894432
8,0.912043
9,1.008217
10,1.018075
11,0.941133
12,0.931558
13,0.933425
14,1.004304
15,1.021242
16,0.948706
